{
  "Pickup package" : {
    "transaction" : "Pickup package",
    "sampleCount" : 2000,
    "errorCount" : 0,
    "errorPct" : 0.0,
    "meanResTime" : 43.089,
    "medianResTime" : 15.0,
    "minResTime" : 3.0,
    "maxResTime" : 375.0,
    "pct1ResTime" : 128.50000000000045,
    "pct2ResTime" : 190.0,
    "pct3ResTime" : 278.95000000000005,
    "throughput" : 18.59773107680863,
    "receivedKBytesPerSec" : 3.649250787497675,
    "sentKBytesPerSec" : 0.0
  },
  "Tag package" : {
    "transaction" : "Tag package",
    "sampleCount" : 2000,
    "errorCount" : 0,
    "errorPct" : 0.0,
    "meanResTime" : 9.424000000000007,
    "medianResTime" : 9.0,
    "minResTime" : 2.0,
    "maxResTime" : 38.0,
    "pct1ResTime" : 15.0,
    "pct2ResTime" : 19.949999999999818,
    "pct3ResTime" : 27.99000000000001,
    "throughput" : 18.537399202891834,
    "receivedKBytesPerSec" : 1.1766903790898138,
    "sentKBytesPerSec" : 0.0
  },
  "Total" : {
    "transaction" : "Total",
    "sampleCount" : 14000,
    "errorCount" : 2,
    "errorPct" : 0.014285714,
    "meanResTime" : 66.6278571428573,
    "medianResTime" : 25.0,
    "minResTime" : 1.0,
    "maxResTime" : 895.0,
    "pct1ResTime" : 191.0,
    "pct2ResTime" : 293.0,
    "pct3ResTime" : 464.9899999999998,
    "throughput" : 128.3320500128332,
    "receivedKBytesPerSec" : 6175.081716793509,
    "sentKBytesPerSec" : 0.0
  },
  "Get deliveries by username" : {
    "transaction" : "Get deliveries by username",
    "sampleCount" : 2000,
    "errorCount" : 0,
    "errorPct" : 0.0,
    "meanResTime" : 203.20199999999988,
    "medianResTime" : 161.5,
    "minResTime" : 5.0,
    "maxResTime" : 590.0,
    "pct1ResTime" : 437.0,
    "pct2ResTime" : 479.0,
    "pct3ResTime" : 538.99,
    "throughput" : 18.910741301059,
    "receivedKBytesPerSec" : 6357.676209696482,
    "sentKBytesPerSec" : 0.0
  },
  "Complete delivery" : {
    "transaction" : "Complete delivery",
    "sampleCount" : 2000,
    "errorCount" : 0,
    "errorPct" : 0.0,
    "meanResTime" : 59.79200000000011,
    "medianResTime" : 31.0,
    "minResTime" : 8.0,
    "maxResTime" : 506.0,
    "pct1ResTime" : 153.0,
    "pct2ResTime" : 217.0,
    "pct3ResTime" : 337.0,
    "throughput" : 18.735011990407674,
    "receivedKBytesPerSec" : 0.054887730440647486,
    "sentKBytesPerSec" : 0.0
  },
  "Get ETA for delivery" : {
    "transaction" : "Get ETA for delivery",
    "sampleCount" : 2000,
    "errorCount" : 0,
    "errorPct" : 0.0,
    "meanResTime" : 26.78549999999998,
    "medianResTime" : 8.0,
    "minResTime" : 1.0,
    "maxResTime" : 465.0,
    "pct1ResTime" : 75.0,
    "pct2ResTime" : 110.84999999999945,
    "pct3ResTime" : 244.97000000000003,
    "throughput" : 18.678670825784035,
    "receivedKBytesPerSec" : 0.37083728309393504,
    "sentKBytesPerSec" : 0.0
  },
  "Confirm delivery" : {
    "transaction" : "Confirm delivery",
    "sampleCount" : 2000,
    "errorCount" : 0,
    "errorPct" : 0.0,
    "meanResTime" : 35.669500000000006,
    "medianResTime" : 10.0,
    "minResTime" : 1.0,
    "maxResTime" : 532.0,
    "pct1ResTime" : 104.0,
    "pct2ResTime" : 188.89999999999964,
    "pct3ResTime" : 281.95000000000005,
    "throughput" : 18.82689610377385,
    "receivedKBytesPerSec" : 2.592375342414173,
    "sentKBytesPerSec" : 0.0
  },
  "Schedule delivery" : {
    "transaction" : "Schedule delivery",
    "sampleCount" : 2000,
    "errorCount" : 2,
    "errorPct" : 0.1,
    "meanResTime" : 88.43299999999985,
    "medianResTime" : 64.0,
    "minResTime" : 9.0,
    "maxResTime" : 895.0,
    "pct1ResTime" : 186.0,
    "pct2ResTime" : 234.0,
    "pct3ResTime" : 350.99,
    "throughput" : 18.35081248222265,
    "receivedKBytesPerSec" : 3.8887952232835112,
    "sentKBytesPerSec" : 0.0
  }
}