{
  "Pickup package" : {
    "transaction" : "Pickup package",
    "sampleCount" : 2000,
    "errorCount" : 0,
    "errorPct" : 0.0,
    "meanResTime" : 89.16849999999994,
    "medianResTime" : 74.0,
    "minResTime" : 3.0,
    "maxResTime" : 554.0,
    "pct1ResTime" : 194.0,
    "pct2ResTime" : 225.0,
    "pct3ResTime" : 324.99,
    "throughput" : 13.906271728549576,
    "receivedKBytesPerSec" : 4.766700563204005,
    "sentKBytesPerSec" : 2.634586636072869
  },
  "Tag package" : {
    "transaction" : "Tag package",
    "sampleCount" : 2000,
    "errorCount" : 0,
    "errorPct" : 0.0,
    "meanResTime" : 7.5315000000000145,
    "medianResTime" : 6.0,
    "minResTime" : 2.0,
    "maxResTime" : 37.0,
    "pct1ResTime" : 13.0,
    "pct2ResTime" : 16.0,
    "pct3ResTime" : 27.0,
    "throughput" : 13.905014843603345,
    "receivedKBytesPerSec" : 4.521845647382729,
    "sentKBytesPerSec" : 3.218250505794915
  },
  "Total" : {
    "transaction" : "Total",
    "sampleCount" : 14000,
    "errorCount" : 1,
    "errorPct" : 0.007142857,
    "meanResTime" : 97.84885714285757,
    "medianResTime" : 78.0,
    "minResTime" : 1.0,
    "maxResTime" : 753.0,
    "pct1ResTime" : 225.0,
    "pct2ResTime" : 281.0,
    "pct3ResTime" : 380.0,
    "throughput" : 96.7264989152814,
    "receivedKBytesPerSec" : 5116.375931208459,
    "sentKBytesPerSec" : 24.77536997885835
  },
  "Get deliveries by username" : {
    "transaction" : "Get deliveries by username",
    "sampleCount" : 2000,
    "errorCount" : 0,
    "errorPct" : 0.0,
    "meanResTime" : 112.99399999999989,
    "medianResTime" : 96.0,
    "minResTime" : 3.0,
    "maxResTime" : 561.0,
    "pct1ResTime" : 221.0,
    "pct2ResTime" : 270.84999999999945,
    "pct3ResTime" : 373.99,
    "throughput" : 13.902791680569457,
    "receivedKBytesPerSec" : 5122.958149664421,
    "sentKBytesPerSec" : 2.280926760093427
  },
  "Complete delivery" : {
    "transaction" : "Complete delivery",
    "sampleCount" : 2000,
    "errorCount" : 0,
    "errorPct" : 0.0,
    "meanResTime" : 153.7719999999996,
    "medianResTime" : 131.0,
    "minResTime" : 8.0,
    "maxResTime" : 577.0,
    "pct1ResTime" : 295.0,
    "pct2ResTime" : 342.9499999999998,
    "pct3ResTime" : 451.97,
    "throughput" : 13.909560040615915,
    "receivedKBytesPerSec" : 1.385522582170726,
    "sentKBytesPerSec" : 2.9747984852489116
  },
  "Get ETA for delivery" : {
    "transaction" : "Get ETA for delivery",
    "sampleCount" : 2000,
    "errorCount" : 0,
    "errorPct" : 0.0,
    "meanResTime" : 52.85000000000003,
    "medianResTime" : 27.0,
    "minResTime" : 1.0,
    "maxResTime" : 365.0,
    "pct1ResTime" : 125.0,
    "pct2ResTime" : 179.0,
    "pct3ResTime" : 247.99,
    "throughput" : 13.909366567446519,
    "receivedKBytesPerSec" : 2.5491223407029793,
    "sentKBytesPerSec" : 2.52650603666509
  },
  "Confirm delivery" : {
    "transaction" : "Confirm delivery",
    "sampleCount" : 2000,
    "errorCount" : 0,
    "errorPct" : 0.0,
    "meanResTime" : 100.29199999999994,
    "medianResTime" : 82.0,
    "minResTime" : 3.0,
    "maxResTime" : 551.0,
    "pct1ResTime" : 211.0,
    "pct2ResTime" : 257.9499999999998,
    "pct3ResTime" : 335.97,
    "throughput" : 13.91323705373292,
    "receivedKBytesPerSec" : 6.127802647689012,
    "sentKBytesPerSec" : 4.361473724851824
  },
  "Schedule delivery" : {
    "transaction" : "Schedule delivery",
    "sampleCount" : 2000,
    "errorCount" : 1,
    "errorPct" : 0.05,
    "meanResTime" : 168.33400000000003,
    "medianResTime" : 147.0,
    "minResTime" : 14.0,
    "maxResTime" : 753.0,
    "pct1ResTime" : 296.9000000000001,
    "pct2ResTime" : 335.9499999999998,
    "pct3ResTime" : 435.99,
    "throughput" : 13.831162993340294,
    "receivedKBytesPerSec" : 5.416305039384237,
    "sentKBytesPerSec" : 6.902074501559464
  }
}